,1. open,2. high,3. low,4. close,5. volume
2026-03-17,47.66,48.08,47.2,47.28,33160606.0
2026-03-16,47.12,47.68,46.9001,47.06,38055608.0
2026-03-13,47.52,47.8201,46.655,46.72,45473073.0
2026-03-12,47.7,47.7824,46.79,47.13,58354534.0
2026-03-11,48.36,48.65,47.78,48.52,42185812.0
2026-03-10,48.28,49.15,47.595,48.56,50271136.0
2026-03-09,47.94,48.15,46.77,47.9,62752798.0
2026-03-06,48.55,48.7,47.62,48.64,47015993.0
2026-03-05,49.82,50.43,49.33,49.81,39073943.0
2026-03-04,49.89,50.41,49.21,50.3,34208496.0
2026-03-03,48.76,50.51,48.5,49.97,51242938.0
2026-03-02,48.78,50.42,48.58,49.81,40595188.0
2026-02-27,51.08,51.41,49.32,49.83,77728699.0
2026-02-26,51.88,52.67,51.7401,52.3,52418498.0
2026-02-25,50.33,51.765,50.31,51.69,41375022.0
2026-02-24,50.74,50.88,49.47,50.41,53062697.0
2026-02-23,52.84,53.26,50.89,51.07,50602478.0
2026-02-20,52.53,53.09,51.83,53.06,33552006.0
2026-02-19,51.91,52.81,51.83,52.77,47148587.0
2026-02-18,52.99,53.6086,52.79,53.36,30698902.0
2026-02-17,53.04,53.55,52.615,52.74,35542357.0
2026-02-13,51.91,52.82,51.435,52.55,31772096.0
2026-02-12,53.91,53.94,51.79,52.52,55481595.0
2026-02-11,55.97,56.11,53.24,53.85,48973507.0
2026-02-10,56.44,56.83,54.265,55.39,48304748.0
2026-02-09,56.39,56.715,56.18,56.41,31968377.0
2026-02-06,55.55,56.87,55.29,56.53,42467989.0
2026-02-05,55.02,55.29,54.25,54.94,32959672.0
2026-02-04,54.78,56.04,54.71,55.38,54522543.0
2026-02-03,54.2,55.12,53.675,54.45,40339363.0
2026-02-02,53.2,54.09,52.95,54.03,34624464.0
2026-01-30,52.87,53.41,52.77,53.2,34549130.0
2026-01-29,51.98,53.09,51.95,53.08,35200456.0
2026-01-28,51.95,52.14,51.31,51.81,35030158.0
2026-01-27,52.21,52.2451,51.812,52.17,26350956.0
2026-01-26,51.8,52.275,51.67,52.02,27728400.0
2026-01-23,52.11,52.2,51.38,51.72,34553499.0
2026-01-22,52.47,53.13,52.33,52.45,31229211.0
2026-01-21,52.23,52.86,52.045,52.07,36339971.0
2026-01-20,52.315,53.4767,51.96,52.1,48656080.0
2026-01-16,52.685,53.38,52.245,52.97,52178429.0
2026-01-15,52.72,53.0365,52.2297,52.59,51018273.0
2026-01-14,52.88,53.48,51.66,52.48,84750044.0
2026-01-13,55.27,55.52,54.3,54.54,43542232.0
2026-01-12,55.29,55.445,54.73,55.19,45860555.0
2026-01-09,56.17,56.61,55.79,55.85,30768757.0
2026-01-08,55.475,56.58,55.47,56.18,30933669.0
2026-01-07,56.69,56.805,55.44,55.64,49695546.0
2026-01-06,57.01,57.41,56.75,57.25,31791923.0
2026-01-05,56.17,57.55,56.14,56.89,36096600.0
2026-01-02,55.03,55.99,54.88,55.95,25503555.0
2025-12-31,55.32,55.42,54.93,55.0,16293026.0
2025-12-30,55.49,55.64,55.17,55.28,17427630.0
2025-12-29,56.105,56.245,55.27,55.35,21040098.0
2025-12-26,56.28,56.545,56.025,56.17,15259444.0
2025-12-24,56.13,56.5,55.89,56.25,13634407.0
2025-12-23,55.81,56.22,55.81,55.97,22274605.0
2025-12-22,55.37,56.11,55.34,55.88,33408769.0
2025-12-19,54.52,55.31,54.375,55.27,73001930.0
2025-12-18,54.8,55.15,53.77,54.26,87452699.0
2025-12-17,55.12,55.57,54.4635,54.55,35304082.0
2025-12-16,55.14,55.35,54.69,54.81,32931915.0
2025-12-15,55.41,56.07,55.065,55.33,32881254.0
2025-12-12,54.78,55.295,54.35,55.14,40539413.0
2025-12-11,53.95,54.65,53.75,54.56,35686915.0
2025-12-10,53.59,54.55,53.34,54.08,54424439.0
2025-12-09,53.97,54.28,53.265,53.54,44208543.0
2025-12-08,53.9,54.209,53.485,53.9,34217245.0
2025-12-05,53.93,54.825,53.74,53.95,33986515.0
2025-12-04,54.21,54.69,54.0,54.16,38529590.0
2025-12-03,53.25,54.24,53.18,54.09,37134402.0
2025-12-02,53.53,53.64,52.97,53.19,46073513.0
2025-12-01,53.5,53.9,53.21,53.24,30536532.0
2025-11-28,53.11,53.94,53.05,53.65,18920782.0
2025-11-26,52.7,53.2468,52.55,52.99,32045585.0
2025-11-25,52.25,52.88,51.86,52.48,41310130.0
2025-11-24,51.645,52.24,51.395,51.93,52852083.0
2025-11-21,51.29,51.78,50.695,51.56,43867164.0
2025-11-20,52.5,52.95,50.97,51.0,36661608.0
2025-11-19,51.67,52.485,51.67,52.02,28112345.0
2025-11-18,51.28,52.18,51.145,51.64,35189535.0
2025-11-17,52.575,52.58,51.39,51.48,35546828.0
2025-11-14,52.86,52.8985,52.03,52.61,32363064.0
2025-11-13,53.79,54.21,52.77,52.87,37716055.0
2025-11-12,53.89,54.69,53.77,54.11,40536695.0
2025-11-11,53.75,53.98,53.28,53.63,22244345.0
2025-11-10,53.41,53.99,53.34,53.42,26094576.0
2025-11-07,53.15,53.58,52.71,53.2,40537658.0
2025-11-06,53.42,53.75,52.77,53.29,55296039.0
2025-11-05,52.96,53.07,51.735,52.45,53700819.0
2025-11-04,53.02,53.995,52.72,53.54,47226578.0
2025-11-03,53.26,53.64,52.71,53.56,31252323.0
2025-10-31,52.79,53.64,52.77,53.45,39295717.0
2025-10-30,52.67,53.44,52.56,53.03,37548588.0
2025-10-29,52.66,53.005,52.32,52.58,29158770.0
2025-10-28,53.0,53.275,52.34,52.87,29575215.0
2025-10-27,52.8,53.065,52.53,53.02,27345801.0
2025-10-24,51.85,52.815,51.85,52.57,38923897.0
2025-10-23,51.48,51.8,51.11,51.76,26028810.0
2025-10-22,51.495,51.58,50.435,51.1,34954973.0
